desaintdenis0001;Abricot;;De-saint-denis.fr ce produit n'est pas encore distubué par un fournisseur officiel 
desaintdenis0002;Abricot sec;;De-saint-denis.fr ce produit n'est pas encore distubué par un fournisseur officiel 
desaintdenis0003;Amande;;De-saint-denis.fr ce produit n'est pas encore distubué par un fournisseur officiel 
desaintdenis0004;Ananas;;De-saint-denis.fr ce produit n'est pas encore distubué par un fournisseur officiel 
desaintdenis0005;Anone;;De-saint-denis.fr ce produit n'est pas encore distubué par un fournisseur officiel 
desaintdenis0006;Banane;;De-saint-denis.fr ce produit n'est pas encore distubué par un fournisseur officiel 
desaintdenis0007;Carambole;;De-saint-denis.fr ce produit n'est pas encore distubué par un fournisseur officiel 
desaintdenis0008;Cassis;;De-saint-denis.fr ce produit n'est pas encore distubué par un fournisseur officiel 
desaintdenis0009;Cerise;;De-saint-denis.fr ce produit n'est pas encore distubué par un fournisseur officiel 
desaintdenis0010;Citron;;De-saint-denis.fr ce produit n'est pas encore distubué par un fournisseur officiel 
desaintdenis0011;Clémentine;;De-saint-denis.fr ce produit n'est pas encore distubué par un fournisseur officiel 
desaintdenis0012;Coing;;De-saint-denis.fr ce produit n'est pas encore distubué par un fournisseur officiel 
desaintdenis0013;Datte;;De-saint-denis.fr ce produit n'est pas encore distubué par un fournisseur officiel 
desaintdenis0014;Figue;;De-saint-denis.fr ce produit n'est pas encore distubué par un fournisseur officiel 
desaintdenis0015;Figue sèche;;De-saint-denis.fr ce produit n'est pas encore distubué par un fournisseur officiel 
desaintdenis0016;Fraise;;De-saint-denis.fr ce produit n'est pas encore distubué par un fournisseur officiel 
desaintdenis0017;Framboise;;De-saint-denis.fr ce produit n'est pas encore distubué par un fournisseur officiel 
desaintdenis0018;Fruit de la passion;;De-saint-denis.fr ce produit n'est pas encore distubué par un fournisseur officiel 
desaintdenis0019;Goyave;;De-saint-denis.fr ce produit n'est pas encore distubué par un fournisseur officiel 
desaintdenis0020;Grenade;;De-saint-denis.fr ce produit n'est pas encore distubué par un fournisseur officiel 
desaintdenis0021;Grenadille;;De-saint-denis.fr ce produit n'est pas encore distubué par un fournisseur officiel 
desaintdenis0022;Griotte;;De-saint-denis.fr ce produit n'est pas encore distubué par un fournisseur officiel 
desaintdenis0023;Groseille;;De-saint-denis.fr ce produit n'est pas encore distubué par un fournisseur officiel 
desaintdenis0024;Groseille à maquereau;;De-saint-denis.fr ce produit n'est pas encore distubué par un fournisseur officiel 
desaintdenis0025;Kaki;;De-saint-denis.fr ce produit n'est pas encore distubué par un fournisseur officiel 
desaintdenis0026;Kiwi;;De-saint-denis.fr ce produit n'est pas encore distubué par un fournisseur officiel 
desaintdenis0027;Kumquate;;De-saint-denis.fr ce produit n'est pas encore distubué par un fournisseur officiel 
desaintdenis0028;Lime;;De-saint-denis.fr ce produit n'est pas encore distubué par un fournisseur officiel 
desaintdenis0029;Litchi;;De-saint-denis.fr ce produit n'est pas encore distubué par un fournisseur officiel 
desaintdenis0030;Mandarine;;De-saint-denis.fr ce produit n'est pas encore distubué par un fournisseur officiel 
desaintdenis0031;Mangoustan;;De-saint-denis.fr ce produit n'est pas encore distubué par un fournisseur officiel 
desaintdenis0032;Mangue;;De-saint-denis.fr ce produit n'est pas encore distubué par un fournisseur officiel 
desaintdenis0033;Marron;;De-saint-denis.fr ce produit n'est pas encore distubué par un fournisseur officiel 
desaintdenis0034;Minéola;;De-saint-denis.fr ce produit n'est pas encore distubué par un fournisseur officiel 
desaintdenis0035;Mûre;;De-saint-denis.fr ce produit n'est pas encore distubué par un fournisseur officiel 
desaintdenis0036;Myrtille;;De-saint-denis.fr ce produit n'est pas encore distubué par un fournisseur officiel 
desaintdenis0037;Nashi;;De-saint-denis.fr ce produit n'est pas encore distubué par un fournisseur officiel 
desaintdenis0038;Nectarine;;De-saint-denis.fr ce produit n'est pas encore distubué par un fournisseur officiel 
desaintdenis0039;Nèfle;;De-saint-denis.fr ce produit n'est pas encore distubué par un fournisseur officiel 
desaintdenis0040;Noisette;;De-saint-denis.fr ce produit n'est pas encore distubué par un fournisseur officiel 
desaintdenis0041;Noix;;De-saint-denis.fr ce produit n'est pas encore distubué par un fournisseur officiel 
desaintdenis0042;Noix de coco;;De-saint-denis.fr ce produit n'est pas encore distubué par un fournisseur officiel 
desaintdenis0043;Orange;;De-saint-denis.fr ce produit n'est pas encore distubué par un fournisseur officiel 
desaintdenis0044;Ortanique;;De-saint-denis.fr ce produit n'est pas encore distubué par un fournisseur officiel 
desaintdenis0045;Papaye;;De-saint-denis.fr ce produit n'est pas encore distubué par un fournisseur officiel 
desaintdenis0046;Pêche;;De-saint-denis.fr ce produit n'est pas encore distubué par un fournisseur officiel 
desaintdenis0047;Physalis;;De-saint-denis.fr ce produit n'est pas encore distubué par un fournisseur officiel 
desaintdenis0048;Pitahaya;;De-saint-denis.fr ce produit n'est pas encore distubué par un fournisseur officiel 
desaintdenis0049;Poire;;De-saint-denis.fr ce produit n'est pas encore distubué par un fournisseur officiel 
desaintdenis0050;Pomelos;;De-saint-denis.fr ce produit n'est pas encore distubué par un fournisseur officiel 
desaintdenis0051;Pomme;;De-saint-denis.fr ce produit n'est pas encore distubué par un fournisseur officiel 
desaintdenis0052;Prune;;De-saint-denis.fr ce produit n'est pas encore distubué par un fournisseur officiel 
desaintdenis0053;Pruneau;;De-saint-denis.fr ce produit n'est pas encore distubué par un fournisseur officiel 
desaintdenis0054;Raisin;;De-saint-denis.fr ce produit n'est pas encore distubué par un fournisseur officiel 
desaintdenis0055;Satsuma;;De-saint-denis.fr ce produit n'est pas encore distubué par un fournisseur officiel 
desaintdenis0056;Sharon;;De-saint-denis.fr ce produit n'est pas encore distubué par un fournisseur officiel 
