parfum001; Maybelline New York - Colossal Big Shot 01 Black + Eau Micellaire offerte ;7500;;big_shot_eau_copie.png
parfum002; Maybelline New York - Mascara - Temptation + Eau Micellaire offerte ;7500;;temptation_eau.png
parfum003; Maybelline New York - Fond de teint poudre - Fit Me + Eau Micellaire offerte ;6000;;fond_de_teint_eau_copie.png
parfum004; Maybelline New York - Fond de teint liquide - Fit Me + Eau Micellaire offerte ;7000;;fitme_liquide_eau_copie.png
parfum005; Huile Végétale Touloucouna - 30 ml ;2000;;Huile_V_g_tale_Touloucouna_-_30_ml.jpg
parfum006; Maybelline New York - Rouge à lèvres - Super Stay Matte Ink + Eau Micellaire offerte ;8000;;matte_ink_eau_1_.png
parfum007; LA RIVE - Cuté Woman - Déodorant - 150 mL ;1500;;LA_RIVE_-_Cut_Woman_-_D_odorant_-_150_mL.jpg
parfum008; OZENTYA - EXTREME REPOUSS - 125 ml ;15000;;OZENTYA_-_EXTREME_REPOUSS_-_125_ml.jpg
parfum009; Ozentya - Shampoing Cactus - 250 ml ;12000;;ozentya-shampoing-restructurant-cactus_1_.jpg
parfum010; Etounature - Éponge Loofah ;2000;;img_9815.jpg
parfum011; Maybelline New York - Gel Tatoo - Dark Brown 3 ;13000;;maybelline_0005_maybelline-newyork-sourcils-brow-tatto-encre-_-sourcil-ch_tain-fonc_-3600531417765-c1.jpg
parfum012; Maybelline New York - Base De Teint Master Prime Hydratante ;7500;;master_prime.jpg
parfum013; Afro & Nature - Glycérine Végétale - 120 ML ;3500;;Afro_Nature_-_Glyc_rine_V_g_tale_-_120_ML.jpg
parfum014; Absolute New York - Matte Lipstick - Dark Blue ;3500;;Absolute_New_York_-_Matte_Lipstick_-_Dark_Blue_1_1.jpg
parfum015; Absolute New York - Super Matte Lipstick - Royal Purple ;3500;;Absolute_New_York_-_Super_Matte_Lipstick_-_Royal_Purple_1_1.jpg
parfum016; Maybelline New York - Fond de teint poudre - Fit Me-355 Cinnamon + eau micellaire offerte ;6000;;maybelline-newyork-fond-de-teint-liquide-fit-me-matte-poreless-355-8992304091773-c_1.jpg
parfum017; Maybelline New York - Poudre - Palette Master Bronze 02 Highlighteur ;9500;;maybelline_0002_maybelline-newyork-palette-poudre-bronzante-master-bronze-3600531378684-c1_1.jpg
parfum018; Maybelline New York - Poudre - Palette Master Blush & Enlumineur ;9500;;maybelline_0004_maybelline-newyork-master-blush-palette-3600531378653-c1.jpg
parfum019; Maybelline New York - Colossal Kajal Extra Black 12 H Argan Oil ;2500;;1_189.jpg
parfum020; Maybelline New York - Fond de teint poudre - Fit Me-330 Toffee + eau micellaire offerte ;6000;;maybelline-newyork-fond-de-teint-liquide-fit-me-matte-poreless-330-8992304057045-c_1.jpg
parfum021; Maybelline New York - Master Chrome - Metalic Molten - Gold 100 ;9000;;maybelline_0004_maybelline-highligher-facestudio-master-chrome-metallic-highlighter-molten-gold-3600531422257-c.jpg
parfum022; Creightons - Beurre de Corps - Vanille - Macadamia - 200 ML ;2900;;Creightons_-_Beurre_de_Corps_-_Vanille_-_Macadamia_-_200_ML.jpg
parfum023; Maybelline New York - Mascara - Push Up Angel Effet Faux Cils Very Black ;7500;;maybelline_0034_maybelline-newyork-mascara-push-up-angel-3600531355128-c1.jpg
parfum024; Maybelline New York - Push Up Drama- Effet Faux Cils - Waterproof - Noir ;7500;;maybelline_0023_maybelline-newyork-mascara-push-up-drama-waterproof-3600531321161-c1_1.jpg
parfum025; Maybelline New York - Push Up Drama- Effet Faux Cils - Indécent Black ;7500;;maybelline_0026_maybelline-newyork-mascara-push-up-drama-noir-indecent-3600531339869-c2.jpg
parfum026; Garnier - Biphase Micellaire - Tout en 1- Skin active - 100ml ;1350;;garnier-eau-micellaire-biphase-100ml-3600542081238.jpg
parfum027; Maybelline New York - Colossal Big Shot 03 Daring Black ;7500;;maybelline-the-colossal-big-shot-mascara_1.jpg
parfum028; Maybelline New York - Colossal Go Extreme Waterproof Very Black ;5500;;maybelline_0003_maybelline-newyork-mascara-volume-extr_me-go-extr_me-waterproof-30108479-t2_1.jpg
parfum029; Maybelline New York - Poudre Compact Palette - Eye Shadow - 24 Karat Nudes ;15000;;maybelline_0020_maybelline-newyork-fard-_-paupi_re-blush-nudes-palettes-24-karat-3600531359706-c.jpg
parfum030; Maybelline New York - Dissolvant Express ;5500;;maybelline-newyork-dissolvant_express-3017566800996.jpg
parfum031; Nicka k - Kit Contour Highlight ;5000;;Nicka_k_-_Kit_Contour_Highlight.jpg
