Casino Shop ; 5 av Stade de France, 93210 SAINT DENIS ;
Wilson Distribution ; la Plaine St Denis 226 av Prés Wilson, 93200 SAINT DENIS ;
SOTRA SARL ; 129 r Gabriel Péri, 93200 SAINT DENIS ;
Bien Et Marche ; 1 r Auguste Blanqui, 93200 SAINT DENIS ;
Sindoo Shop ; 23 bd Jules Guesde, 93200 SAINT DENIS ;
Mapiness ; bât 3 Rutabago La Plaine St Denis 10 r Jesse Owens, la Plaine St Denis, 93210 SAINT DENIS ;
Market Ete Du Stade ; la Plaine St Denis 16 r Jesse Owens, 93210 SAINT DENIS ;
Felicia Exotique ; 21 r Suger, 93200 SAINT DENIS ;
Franprix Peridis ; 130 r Gabriel Péri, 93200 SAINT DENIS ;
SASU B-K-W-I ; 46 bd Jules Guesde, 93200 SAINT DENIS ;
GREEN'Market ; 7 bd Jules Guesde, 93200 SAINT DENIS ;
Ano ; 4 r 4 Septembre, 93200 SAINT DENIS ;
Votre Supérette ; 38 r Gabriel Péri, 93200 SAINT DENIS ;
FRANPRIX DISTRIWILSON ; 112 118 112 av Prés Wilson, 93200 SAINT DENIS ;
E.I.E.D.I ; 3 av Michelet, 93400 SAINT OUEN;
Monop' ; la Plaine St Denis 40 av Fruitiers, 93200 SAINT DENIS ;
Juba ; 15 r Gabriel Péri, 93200 SAINT DENIS ;
HADJA EXOTIQUE ; 46 bd Jules Guesde, 93200 SAINT DENIS ;
TOULEMA EXOTIQUES ; 42 bd Jules Guesde, 93200 SAINT DENIS ;
ARAF BANGLA ; 149 r Gabriel Péri, 93200 SAINT DENIS ;
Soun Basil ; 15 pl Jean Jaurès, 93200 SAINT DENIS ;
Kms Alimentation ; 34 r Légion d'Honneur, 93200 SAINT DENIS ;
Marché Plus KSK ; 54 r Danielle Casanova, 93200 SAINT DENIS ;
Kouame Amenan ; 13 all Che Guevara, 93200 SAINT DENIS ;
BAKDISCOUNT ; 20 bd Carnot, 93200 SAINT DENIS ;
SENPAHAM ; 12 r Gabriel Péri, 93200 SAINT DENIS ;
Les Saveurs Du Monde ; 135 r Gabriel Péri, 93200 SAINT DENIS ;
Ben Youssef Khaled ; 1 Bis r Gaston Philippe, 93200 SAINT DENIS ;
TILILA ; 2 r Muguets, 93200 SAINT DENIS ;
Traghi Production ; 78 r Moutier, 93240 STAINS;
Ahanaa ; 55 r Danielle Casanova, 93200 SAINT DENIS ;
Kassa Layachi ; 2 r Liberté, 93200 SAINT DENIS ;
Epicéas ; 29 r Commune de Paris, 93300 AUBERVILLIERS;
Espace Basilique ; 65 r Strasbourg, 93200 SAINT DENIS ;
MEGHNA CASH AND CARRY ; 78 bd Marcel Sembat, 93200 SAINT DENIS ;
Palmeraie (SARL) ; 133 r Gabriel Péri, 93200 SAINT DENIS ;
OMC 77 ; 12 r Jules Joffrin, 93200 SAINT DENIS ;
Medjoub Abdenebi ; 4 r Jules Joffrin, 93200 SAINT DENIS ;
LASMILA STORE ; 30 bd Jules Guesde, 93200 SAINT DENIS ;
Franprix SAINT DENIS ; 38 r Auguste Poullain, 93200 SAINT DENIS ;
G20 ; bât Lot H 16 r Port, 93200 SAINT DENIS ;
Market (SARL) ; 3 r Charles Cros, 93200 SAINT DENIS ;
Ait Ahmed ; 54 av Paul Vaillant Couturier, 93200 SAINT DENIS ;
Eleskl Floreal ; 5 prom Basilique, 93200 SAINT DENIS ;
Franprix ; 8 av George Sand, 93210 SAINT DENIS ;
Idm Bark Ali ; la Plaine St Denis 227 av Prés Wilson, 93210 SAINT DENIS ;
KANIS ; 88 av Stalingrad, 93200 SAINT DENIS ;
Aboulfadam Jamaa ; 65 r Strasbourg, 93200 SAINT DENIS ;
AD9 ; 9 r Auguste Delaune, 93200 SAINT DENIS ;
HYPER DISCOUNT ; 92 Bis r Gabriel Péri, 93200 SAINT DENIS ;
Amena Alimentation ; 29 bd Marcel Sembat, 93200 SAINT DENIS ;
Franprix SAINT DENIS ; 34 r République, 93200 SAINT DENIS ;
Taourit Sasu ; 29 r Danielle Casanova, 93200 SAINT DENIS ;
Saaj ; 4 r Corbillon, 93200 SAINT DENIS ;
Chouabnia Karim ; 59 r Henri Barbusse, 93200 SAINT DENIS ;
COMPTOIR D'ORIENT ET DU MAROC C.O.R.I.M.A. ; 11 av Chemin des Reniers, 92390 VILLENEUVE LA GARENNE;
SOCIETE COMMERCIAL SOLEIL ; 26 bd Félix Faure, 93200 SAINT DENIS ;
Franprixs ; 82 bd Marcel Sembat, 93200 SAINT DENIS ;
Samia Haudecoeur (Ets) Distributeur ; 60 r Emile Zola, 93121 LA COURNEUVE CEDEX;
TROPICAL MER QUATRE VINGT ; 8 r Jules Joffrin, 93200 SAINT DENIS ;
YAZID ; 27 r Auguste Delaune, 93200 SAINT DENIS ;
Franprix ; 226 av Prés Wilson, 93200 SAINT DENIS ;
Comtesse du Barry ; Marques Avenue 9 qu Chatelier, 93450 L'ILE SAINT DENIS;
Beggui El Hassan ; 22 bd Marcel Sembat, 93200 SAINT DENIS ;
Traditions D'Ukraine ; 201 r Jules Ferry, 95360 MONTMAGNY;
La Vinotheque De Saint Denis ; ;
Monoprix ; la Plaine St Denis 19 r Cheminots, 93200 SAINT DENIS ;
AU TADART ; 19 r Jean Jaurès, 93200 SAINT DENIS ;
Shalom Exotique Communications ; 15 r Edouard Vaillant, 93200 SAINT DENIS ;
Prix Shop SARL ; 5 r Général Joinville, 93200 SAINT DENIS ;
Amena Alimentation ; 29 bd Marcel Sembat, 93200 SAINT DENIS ;
Franprix SAINT DENIS ; 34 r République, 93200 SAINT DENIS ;
Taourit Sasu ; 29 r Danielle Casanova, 93200 SAINT DENIS ;
Saaj ; 4 r Corbillon, 93200 SAINT DENIS ;
Chouabnia Karim ; 59 r Henri Barbusse, 93200 SAINT DENIS ;
COMPTOIR D'ORIENT ET DU MAROC C.O.R.I.M.A. ; 11 av Chemin des Reniers, 92390 VILLENEUVE LA GARENNE;
SOCIETE COMMERCIAL SOLEIL ; 26 bd Félix Faure, 93200 SAINT DENIS ;
Franprixs ; 82 bd Marcel Sembat, 93200 SAINT DENIS ;
Samia Haudecoeur (Ets) Distributeur ; 60 r Emile Zola, 93121 LA COURNEUVE CEDEX;
TROPICAL MER QUATRE VINGT ; 8 r Jules Joffrin, 93200 SAINT DENIS ;