desaintdenis0002;Abricot;;De-saint-denis.fr ce produit n'est pas encore distubué par un fournisseur officiel ;apricot-2314631_640.jpg
desaintdenis0003;Abricot sec;;De-saint-denis.fr ce produit n'est pas encore distubué par un fournisseur officiel ;apricot-2314631_640.jpg
desaintdenis0004;Amande;;De-saint-denis.fr ce produit n'est pas encore distubué par un fournisseur officiel ;table-grapes-74344_640.jpg
desaintdenis0005;Ananas;;De-saint-denis.fr ce produit n'est pas encore distubué par un fournisseur officiel ;apricot-2314631_640.jpg
desaintdenis0006;Banane;;De-saint-denis.fr ce produit n'est pas encore distubué par un fournisseur officiel ;bananas-652497_1920.jpg
desaintdenis0007;Cerise;;De-saint-denis.fr ce produit n'est pas encore distubué par un fournisseur officiel ;cherry-3074284_640.jpg
desaintdenis0008;Citron;;De-saint-denis.fr ce produit n'est pas encore distubué par un fournisseur officiel ;
desaintdenis0009;Clémentine;;De-saint-denis.fr ce produit n'est pas encore distubué par un fournisseur officiel ;oranges-602271_1920.jpg
desaintdenis0010;Datte;;De-saint-denis.fr ce produit n'est pas encore distubué par un fournisseur officiel ;dates-1603127_640.jpg
desaintdenis0011;Figue;;De-saint-denis.fr ce produit n'est pas encore distubué par un fournisseur officiel ;fruit-2138389_640.jpg
desaintdenis0012;Figue sèche;;De-saint-denis.fr ce produit n'est pas encore distubué par un fournisseur officiel ;fruit-2138389_640.jpg
desaintdenis0013;Fraise;;De-saint-denis.fr ce produit n'est pas encore distubué par un fournisseur officiel ;strawberries-1624345_640.jpg
desaintdenis0014;Framboise;;De-saint-denis.fr ce produit n'est pas encore distubué par un fournisseur officiel ;raspberries-2268901_640.jpg
desaintdenis0015;Fruit de la passion;;De-saint-denis.fr ce produit n'est pas encore distubué par un fournisseur officiel ;passion.png
desaintdenis0016;Goyave;;De-saint-denis.fr ce produit n'est pas encore distubué par un fournisseur officiel ;guava-3665298_640.jpg
desaintdenis0017;Grenade;;De-saint-denis.fr ce produit n'est pas encore distubué par un fournisseur officiel ;pomegranate-3835995_640.jpg
desaintdenis0018;Groseille;;De-saint-denis.fr ce produit n'est pas encore distubué par un fournisseur officiel ;berry-1239100_640.jpg
desaintdenis0019;Groseille à maquereau;;De-saint-denis.fr ce produit n'est pas encore distubué par un fournisseur officiel ;berry-1239100_640.jpg
desaintdenis0021;Kiwi;;De-saint-denis.fr ce produit n'est pas encore distubué par un fournisseur officiel ;kiwi-428080_640.jpg
desaintdenis0024;Litchi;;De-saint-denis.fr ce produit n'est pas encore distubué par un fournisseur officiel ;lychees-605397_640.jpg
desaintdenis0025;Mandarine;;De-saint-denis.fr ce produit n'est pas encore distubué par un fournisseur officiel ;citrus-2393_640.jpg
desaintdenis0027;Mangue;;De-saint-denis.fr ce produit n'est pas encore distubué par un fournisseur officiel ;table-grapes-74344_640.jpg
desaintdenis0028;Marron;;De-saint-denis.fr ce produit n'est pas encore distubué par un fournisseur officiel ;health-712980_640.jpg
desaintdenis0030;Mûre;;De-saint-denis.fr ce produit n'est pas encore distubué par un fournisseur officiel ;table-grapes-74344_640.jpg
desaintdenis0031;Myrtille;;De-saint-denis.fr ce produit n'est pas encore distubué par un fournisseur officiel ;berry-1239100_640.jpg
desaintdenis0033;Nectarine;;De-saint-denis.fr ce produit n'est pas encore distubué par un fournisseur officiel ;table-grapes-74344_640.jpg
desaintdenis0035;Noisette;;De-saint-denis.fr ce produit n'est pas encore distubué par un fournisseur officiel ;health-712980_640.jpg
desaintdenis0036;Noix;;De-saint-denis.fr ce produit n'est pas encore distubué par un fournisseur officiel ;health-712980_640.jpg
desaintdenis0037;Noix de coco;;De-saint-denis.fr ce produit n'est pas encore distubué par un fournisseur officiel ;coconut-2675546_640.jpg
desaintdenis0038;Orange;;De-saint-denis.fr ce produit n'est pas encore distubué par un fournisseur officiel ;oranges-428073_1920.jpg
desaintdenis0041;Pêche;;De-saint-denis.fr ce produit n'est pas encore distubué par un fournisseur officiel ;table-grapes-74344_640.jpg
desaintdenis0044;Poire;;De-saint-denis.fr ce produit n'est pas encore distubué par un fournisseur officiel ;food-2280_640.jpg
desaintdenis0045;Pomelos;;De-saint-denis.fr ce produit n'est pas encore distubué par un fournisseur officiel ;grapefruit-4734779_640
desaintdenis0046;Pomme;;De-saint-denis.fr ce produit n'est pas encore distubué par un fournisseur officiel ;apple-1834639_640.jpg
desaintdenis0047;Prune;;De-saint-denis.fr ce produit n'est pas encore distubué par un fournisseur officiel ;fruit-2138389_640.jpg
desaintdenis0048;Pruneau;;De-saint-denis.fr ce produit n'est pas encore distubué par un fournisseur officiel ;dried-apricots-1836009_640.jpg
desaintdenis0049;Raisin;;De-saint-denis.fr ce produit n'est pas encore distubué par un fournisseur officiel ;health-712980_640.jpg
